product_id,time_id,store_id,employee_id,sales_type_id,payment_method_id,quantity
p_1,d_988,s_1,e_23,s_2,pm_1,8
p_29,d_347,s_2,e_2,s_1,pm_1,2
p_29,d_1192,s_5,e_11,s_1,pm_1,4
p_6,d_955,s_2,e_23,s_1,pm_1,10
p_11,d_563,s_4,e_27,s_1,pm_1,4
p_29,d_1216,s_5,e_32,s_1,pm_1,5
p_20,d_865,s_2,e_37,s_1,pm_2,6
p_20,d_996,s_5,e_23,s_1,pm_1,1
p_18,d_1026,s_4,e_15,s_2,pm_1,7
p_3,d_629,s_1,e_15,s_2,pm_2,2
p_5,d_1326,s_5,e_25,s_1,pm_3,2
p_4,d_1008,s_5,e_31,s_2,pm_3,3
p_11,d_448,s_4,e_21,s_1,pm_1,6
p_1,d_323,s_5,e_13,s_1,pm_2,9
p_13,d_107,s_5,e_20,s_2,pm_1,1
p_1,d_656,s_1,e_38,s_2,pm_1,7
p_16,d_85,s_2,e_15,s_2,pm_2,8
p_6,d_23,s_1,e_40,s_1,pm_1,7
p_5,d_1046,s_1,e_39,s_2,pm_1,7
p_6,d_84,s_5,e_32,s_2,pm_1,3
p_19,d_579,s_2,e_19,s_1,pm_2,6
p_17,d_1187,s_3,e_38,s_1,pm_1,6
p_9,d_1158,s_4,e_15,s_1,pm_1,9
p_29,d_792,s_5,e_26,s_1,pm_4,2
p_19,d_1128,s_5,e_21,s_1,pm_2,8
p_13,d_400,s_6,e_27,s_2,pm_1,8
p_5,d_52,s_2,e_31,s_1,pm_4,3
p_4,d_1203,s_5,e_24,s_2,pm_3,6
p_29,d_619,s_5,e_10,s_1,pm_1,8
p_15,d_398,s_1,e_4,s_1,pm_2,1
p_19,d_1189,s_4,e_22,s_1,pm_1,8
p_29,d_1308,s_5,e_18,s_1,pm_3,10
p_7,d_259,s_4,e_1,s_1,pm_1,1
p_2,d_924,s_4,e_6,s_2,pm_1,10
p_8,d_849,s_1,e_1,s_2,pm_1,7
p_3,d_724,s_1,e_12,s_1,pm_4,5
p_1,d_1264,s_1,e_28,s_1,pm_1,8
p_15,d_519,s_3,e_7,s_1,pm_1,1
p_2,d_842,s_4,e_7,s_2,pm_3,2
p_3,d_953,s_4,e_27,s_2,pm_2,4
p_29,d_161,s_3,e_26,s_2,pm_4,2
p_6,d_958,s_5,e_18,s_1,pm_1,1
p_9,d_510,s_1,e_18,s_1,pm_1,9
p_4,d_185,s_4,e_35,s_1,pm_2,4
p_16,d_254,s_2,e_12,s_2,pm_4,2
p_5,d_1283,s_5,e_38,s_1,pm_2,10
p_1,d_444,s_5,e_2,s_2,pm_1,10
p_6,d_224,s_5,e_28,s_1,pm_2,3
p_7,d_1033,s_5,e_11,s_1,pm_1,10
p_1,d_544,s_6,e_3,s_1,pm_1,2
p_20,d_518,s_1,e_4,s_2,pm_1,5
p_3,d_1109,s_4,e_36,s_2,pm_2,10
p_2,d_536,s_4,e_7,s_2,pm_1,5
p_5,d_175,s_4,e_7,s_2,pm_2,4
p_5,d_1249,s_4,e_8,s_2,pm_1,10
p_21,d_1363,s_5,e_26,s_1,pm_2,9
p_18,d_82,s_1,e_26,s_1,pm_1,6
p_1,d_1285,s_1,e_37,s_1,pm_4,1
p_1,d_1226,s_6,e_23,s_1,pm_1,2
p_22,d_414,s_2,e_8,s_1,pm_1,2
p_2,d_331,s_6,e_27,s_1,pm_1,3
p_29,d_1377,s_4,e_40,s_1,pm_4,4
p_3,d_1098,s_1,e_35,s_1,pm_1,4
p_2,d_447,s_5,e_1,s_2,pm_1,10
p_29,d_251,s_4,e_19,s_1,pm_2,1
p_11,d_1345,s_4,e_36,s_2,pm_2,5
p_4,d_998,s_1,e_17,s_1,pm_1,6
p_18,d_200,s_4,e_10,s_1,pm_1,6
p_18,d_542,s_6,e_29,s_1,pm_1,10
p_18,d_1331,s_4,e_18,s_2,pm_1,9
p_3,d_401,s_1,e_19,s_1,pm_1,2
p_10,d_1063,s_2,e_25,s_1,pm_2,5
p_28,d_59,s_2,e_3,s_1,pm_1,4
p_4,d_758,s_1,e_32,s_1,pm_1,4
p_13,d_1369,s_2,e_9,s_1,pm_2,6
p_4,d_892,s_3,e_27,s_1,pm_2,6
p_15,d_1101,s_1,e_36,s_2,pm_1,10
p_19,d_730,s_5,e_37,s_2,pm_2,3
p_1,d_439,s_5,e_8,s_1,pm_1,5
p_21,d_721,s_4,e_37,s_1,pm_2,3
p_4,d_67,s_6,e_12,s_1,pm_2,2
p_8,d_725,s_3,e_36,s_1,pm_3,7
p_6,d_1277,s_4,e_30,s_1,pm_1,7
p_18,d_378,s_5,e_34,s_1,pm_2,2
p_5,d_108,s_2,e_4,s_1,pm_2,2
p_15,d_21,s_5,e_40,s_2,pm_2,10
p_18,d_580,s_4,e_16,s_1,pm_2,7
p_5,d_75,s_2,e_29,s_1,pm_2,8
p_7,d_723,s_5,e_27,s_1,pm_2,2
p_28,d_436,s_4,e_4,s_2,pm_3,8
p_5,d_11,s_2,e_27,s_2,pm_1,9
p_3,d_1266,s_4,e_30,s_1,pm_2,7
p_1,d_1051,s_6,e_12,s_1,pm_1,9
p_6,d_855,s_5,e_37,s_1,pm_3,2
p_20,d_714,s_1,e_7,s_1,pm_2,10
p_9,d_1122,s_4,e_28,s_1,pm_1,3
p_5,d_554,s_2,e_21,s_1,pm_1,4
p_1,d_120,s_5,e_29,s_1,pm_2,1
p_15,d_176,s_1,e_16,s_1,pm_2,5
p_26,d_1172,s_1,e_35,s_2,pm_1,9
p_2,d_297,s_4,e_17,s_2,pm_1,6
p_7,d_217,s_3,e_13,s_1,pm_2,8
p_14,d_275,s_5,e_40,s_2,pm_1,5
p_11,d_622,s_4,e_40,s_1,pm_3,7
p_18,d_460,s_1,e_8,s_1,pm_2,10
p_19,d_1347,s_2,e_7,s_2,pm_3,8
p_19,d_1348,s_1,e_8,s_1,pm_1,8
p_3,d_826,s_1,e_18,s_1,pm_3,1
p_1,d_168,s_3,e_9,s_1,pm_1,3
p_22,d_357,s_1,e_30,s_1,pm_1,5
p_2,d_15,s_1,e_18,s_2,pm_1,1
p_15,d_1088,s_1,e_39,s_1,pm_1,3
p_1,d_864,s_4,e_32,s_1,pm_1,2
p_17,d_581,s_2,e_8,s_1,pm_2,2
p_3,d_417,s_4,e_15,s_1,pm_1,2
p_19,d_777,s_1,e_26,s_1,pm_4,3
p_9,d_707,s_4,e_1,s_1,pm_2,7
p_9,d_896,s_4,e_20,s_1,pm_2,2
p_19,d_1359,s_4,e_28,s_1,pm_1,9
p_19,d_674,s_5,e_34,s_1,pm_4,8
p_9,d_343,s_5,e_21,s_2,pm_1,9
p_3,d_269,s_5,e_3,s_1,pm_3,3
p_4,d_786,s_3,e_22,s_1,pm_3,2
p_3,d_604,s_6,e_5,s_1,pm_1,3
p_16,d_1365,s_5,e_30,s_2,pm_3,4
p_26,d_396,s_4,e_12,s_1,pm_4,8
p_3,d_739,s_4,e_14,s_2,pm_3,4
p_5,d_313,s_1,e_32,s_1,pm_1,7
p_25,d_1079,s_1,e_22,s_1,pm_1,3
p_2,d_155,s_4,e_17,s_1,pm_2,8
p_1,d_310,s_2,e_31,s_1,pm_3,7
p_4,d_916,s_5,e_5,s_1,pm_4,8
p_5,d_497,s_3,e_25,s_1,pm_4,1
p_4,d_883,s_1,e_21,s_1,pm_1,9
p_19,d_215,s_5,e_22,s_1,pm_3,2
p_2,d_851,s_6,e_33,s_1,pm_2,1
p_20,d_948,s_5,e_26,s_1,pm_3,4
p_19,d_742,s_2,e_3,s_1,pm_1,2
p_1,d_729,s_1,e_21,s_2,pm_1,1
p_19,d_861,s_5,e_23,s_1,pm_1,4
p_4,d_1415,s_5,e_38,s_1,pm_2,7
p_3,d_201,s_1,e_19,s_1,pm_2,3
p_4,d_911,s_2,e_31,s_2,pm_1,7
p_25,d_1390,s_2,e_9,s_1,pm_1,1
p_22,d_975,s_3,e_14,s_2,pm_1,6
p_1,d_370,s_5,e_28,s_1,pm_2,4
p_9,d_63,s_4,e_20,s_1,pm_2,4
p_18,d_666,s_5,e_33,s_1,pm_2,10
p_19,d_930,s_5,e_24,s_1,pm_2,7
p_5,d_734,s_5,e_2,s_1,pm_1,4
p_9,d_87,s_4,e_31,s_1,pm_1,4
p_5,d_1386,s_5,e_21,s_1,pm_1,5
p_3,d_1262,s_5,e_10,s_1,pm_4,2
p_6,d_1198,s_5,e_7,s_1,pm_1,8
p_18,d_1411,s_1,e_38,s_1,pm_1,2
p_20,d_31,s_4,e_23,s_1,pm_4,7
p_18,d_569,s_1,e_35,s_2,pm_1,6
p_28,d_1408,s_5,e_6,s_1,pm_3,3
p_9,d_1089,s_5,e_25,s_1,pm_1,2
p_2,d_881,s_3,e_18,s_2,pm_3,5
p_4,d_1059,s_2,e_26,s_1,pm_2,8
p_4,d_1007,s_3,e_13,s_1,pm_2,8
p_12,d_798,s_2,e_33,s_1,pm_1,10
p_19,d_687,s_4,e_23,s_2,pm_1,2
p_25,d_1021,s_6,e_16,s_1,pm_1,8
p_5,d_566,s_3,e_34,s_1,pm_1,8
p_15,d_1005,s_5,e_12,s_1,pm_2,1
p_7,d_342,s_4,e_19,s_1,pm_2,8
p_2,d_796,s_4,e_13,s_2,pm_1,9
p_2,d_1213,s_6,e_36,s_1,pm_1,3
p_5,d_1082,s_2,e_14,s_2,pm_1,6
p_18,d_886,s_6,e_18,s_1,pm_1,4
p_5,d_1412,s_3,e_36,s_2,pm_2,6
p_22,d_524,s_2,e_3,s_1,pm_2,6
p_15,d_889,s_3,e_24,s_2,pm_4,7
p_4,d_993,s_5,e_23,s_1,pm_1,6
p_19,d_150,s_2,e_32,s_1,pm_4,1
p_3,d_1353,s_3,e_40,s_2,pm_4,2
p_5,d_557,s_5,e_27,s_2,pm_2,7
p_5,d_595,s_5,e_29,s_1,pm_1,8
p_18,d_1150,s_2,e_30,s_1,pm_1,3
p_21,d_1111,s_4,e_16,s_2,pm_1,8
p_18,d_134,s_2,e_13,s_1,pm_3,1
p_19,d_442,s_2,e_9,s_2,pm_1,7
p_3,d_1404,s_6,e_33,s_1,pm_1,6
p_15,d_390,s_1,e_36,s_1,pm_1,4
p_20,d_676,s_6,e_40,s_2,pm_1,5
p_17,d_684,s_4,e_7,s_1,pm_1,3
p_9,d_191,s_1,e_25,s_1,pm_3,1
p_6,d_553,s_1,e_24,s_1,pm_1,5
p_4,d_1133,s_3,e_19,s_1,pm_3,7
p_9,d_126,s_5,e_40,s_1,pm_2,8
p_28,d_136,s_5,e_16,s_2,pm_2,4
p_15,d_531,s_6,e_36,s_1,pm_1,7
p_1,d_433,s_1,e_35,s_1,pm_1,1
p_18,d_177,s_1,e_17,s_1,pm_1,6
p_15,d_543,s_6,e_10,s_1,pm_1,2
p_7,d_1006,s_1,e_2,s_1,pm_2,3
p_21,d_236,s_5,e_25,s_1,pm_2,1
p_1,d_827,s_4,e_23,s_2,pm_4,4
p_9,d_762,s_2,e_8,s_1,pm_1,8
p_14,d_466,s_5,e_3,s_1,pm_3,6
p_5,d_1279,s_3,e_21,s_2,pm_1,4
p_18,d_301,s_2,e_1,s_1,pm_1,3
p_20,d_890,s_2,e_9,s_2,pm_1,8
p_3,d_366,s_1,e_19,s_1,pm_4,9
p_29,d_853,s_6,e_14,s_1,pm_1,10
p_15,d_931,s_4,e_11,s_1,pm_3,4
p_9,d_298,s_4,e_32,s_1,pm_1,7
p_5,d_807,s_3,e_32,s_2,pm_1,8
p_7,d_1020,s_5,e_3,s_2,pm_1,8
p_28,d_704,s_5,e_8,s_1,pm_3,10
p_25,d_5,s_4,e_12,s_1,pm_1,9
p_3,d_1224,s_4,e_32,s_1,pm_1,4
p_1,d_240,s_1,e_36,s_2,pm_1,4
p_4,d_965,s_3,e_21,s_1,pm_3,3
p_5,d_219,s_1,e_33,s_1,pm_1,4
p_18,d_887,s_2,e_40,s_1,pm_4,1
p_5,d_1287,s_2,e_19,s_2,pm_4,7
p_1,d_969,s_2,e_38,s_1,pm_1,10
p_2,d_276,s_1,e_33,s_1,pm_1,9
p_19,d_551,s_4,e_40,s_1,pm_2,9
p_18,d_686,s_5,e_21,s_1,pm_1,8
p_3,d_28,s_2,e_1,s_1,pm_3,10
p_6,d_934,s_4,e_29,s_2,pm_1,9
p_20,d_1356,s_6,e_20,s_1,pm_1,7
p_4,d_1405,s_5,e_21,s_1,pm_2,2
p_13,d_854,s_5,e_22,s_1,pm_1,3
p_21,d_778,s_6,e_13,s_2,pm_1,3
p_25,d_1329,s_3,e_6,s_2,pm_2,7
p_25,d_462,s_2,e_35,s_1,pm_1,2
p_3,d_847,s_5,e_14,s_1,pm_2,1
p_4,d_607,s_1,e_26,s_1,pm_2,3
p_25,d_922,s_6,e_14,s_2,pm_1,1
p_1,d_1416,s_1,e_9,s_2,pm_3,4
p_9,d_172,s_2,e_7,s_2,pm_1,1
p_19,d_1218,s_2,e_40,s_1,pm_1,1
p_20,d_768,s_5,e_33,s_1,pm_4,8
p_1,d_34,s_1,e_39,s_1,pm_2,8
p_2,d_1086,s_1,e_25,s_1,pm_1,7
p_2,d_570,s_2,e_40,s_2,pm_2,10
p_5,d_545,s_5,e_8,s_1,pm_1,4
p_4,d_599,s_3,e_38,s_1,pm_1,1
p_19,d_972,s_4,e_26,s_1,pm_2,5
p_18,d_1153,s_1,e_7,s_1,pm_3,2
p_26,d_1131,s_1,e_12,s_1,pm_1,6
p_13,d_1418,s_1,e_5,s_1,pm_2,4
p_18,d_1139,s_1,e_10,s_1,pm_3,9
p_15,d_987,s_1,e_8,s_1,pm_1,8
p_18,d_597,s_5,e_11,s_1,pm_1,4
p_27,d_473,s_2,e_14,s_2,pm_1,6
p_14,d_207,s_3,e_15,s_2,pm_1,5
p_29,d_1157,s_4,e_16,s_1,pm_1,5
p_21,d_1147,s_5,e_19,s_1,pm_4,10
p_1,d_806,s_5,e_5,s_1,pm_1,2
p_18,d_365,s_4,e_30,s_1,pm_4,3
p_20,d_494,s_5,e_11,s_2,pm_1,9
p_15,d_225,s_6,e_40,s_1,pm_3,10
p_6,d_880,s_5,e_13,s_1,pm_1,3
p_1,d_1383,s_2,e_31,s_1,pm_1,7
p_1,d_1104,s_1,e_35,s_2,pm_2,10
p_29,d_292,s_5,e_5,s_1,pm_1,3
p_9,d_186,s_2,e_26,s_2,pm_1,10
p_26,d_1137,s_5,e_3,s_2,pm_1,3
p_23,d_513,s_4,e_18,s_1,pm_1,9
p_21,d_265,s_4,e_8,s_2,pm_2,6
p_29,d_1399,s_5,e_1,s_1,pm_2,2
p_2,d_190,s_4,e_28,s_2,pm_3,4
p_3,d_575,s_4,e_1,s_1,pm_1,2
p_17,d_286,s_2,e_22,s_1,pm_2,3
p_5,d_1263,s_6,e_25,s_1,pm_2,9
p_1,d_374,s_4,e_20,s_2,pm_1,4
p_21,d_860,s_2,e_15,s_1,pm_1,9
p_1,d_946,s_2,e_29,s_1,pm_2,5
p_21,d_634,s_2,e_4,s_2,pm_2,1
p_15,d_1155,s_1,e_40,s_1,pm_2,5
p_30,d_1183,s_5,e_33,s_1,pm_1,3
p_15,d_140,s_6,e_23,s_2,pm_1,4
p_4,d_1077,s_5,e_28,s_2,pm_4,5
p_5,d_142,s_4,e_32,s_1,pm_1,4
p_23,d_831,s_6,e_34,s_1,pm_4,6
p_29,d_188,s_2,e_11,s_1,pm_1,9
p_6,d_1314,s_5,e_21,s_2,pm_3,10
p_18,d_653,s_1,e_36,s_1,pm_2,8
p_19,d_550,s_4,e_30,s_2,pm_4,6
p_14,d_882,s_4,e_20,s_2,pm_1,9
p_1,d_440,s_4,e_32,s_1,pm_1,4
p_3,d_441,s_6,e_26,s_1,pm_3,4
p_24,d_1143,s_2,e_10,s_2,pm_3,10
p_9,d_1039,s_3,e_23,s_2,pm_4,10
p_20,d_640,s_1,e_30,s_2,pm_2,7
p_26,d_18,s_4,e_39,s_1,pm_1,3
p_3,d_693,s_2,e_32,s_1,pm_1,5
p_3,d_1258,s_1,e_4,s_1,pm_2,8
p_7,d_183,s_1,e_6,s_1,pm_2,1
p_25,d_353,s_5,e_32,s_1,pm_1,6
p_28,d_29,s_2,e_38,s_1,pm_1,7
p_1,d_728,s_2,e_21,s_2,pm_1,1
p_18,d_888,s_4,e_33,s_1,pm_1,7
p_5,d_712,s_5,e_27,s_2,pm_4,8
p_20,d_8,s_1,e_37,s_1,pm_1,5
p_19,d_1012,s_1,e_4,s_1,pm_4,1
p_19,d_596,s_2,e_30,s_1,pm_2,6
p_22,d_1015,s_2,e_22,s_1,pm_3,7
p_5,d_110,s_5,e_3,s_2,pm_1,10
p_19,d_56,s_4,e_8,s_2,pm_4,8
p_3,d_1374,s_3,e_39,s_1,pm_1,5
p_19,d_785,s_2,e_4,s_2,pm_4,5
p_18,d_228,s_1,e_39,s_1,pm_1,9
p_22,d_1185,s_4,e_28,s_2,pm_2,1
p_8,d_458,s_2,e_4,s_1,pm_2,3
p_21,d_209,s_6,e_30,s_1,pm_4,5
p_18,d_262,s_1,e_2,s_1,pm_1,10
p_6,d_799,s_3,e_8,s_1,pm_2,1
p_20,d_1041,s_5,e_26,s_2,pm_2,7
p_28,d_135,s_2,e_36,s_2,pm_1,9
p_4,d_940,s_6,e_9,s_2,pm_1,2
p_3,d_743,s_4,e_8,s_1,pm_1,6
p_1,d_836,s_1,e_15,s_1,pm_1,10
p_7,d_717,s_5,e_25,s_2,pm_2,10
p_18,d_771,s_1,e_40,s_1,pm_2,8
p_7,d_216,s_5,e_4,s_1,pm_1,8
p_28,d_584,s_6,e_12,s_2,pm_1,6
p_20,d_371,s_6,e_3,s_1,pm_1,8
p_2,d_318,s_4,e_24,s_1,pm_1,4
p_20,d_718,s_2,e_23,s_1,pm_1,9
p_1,d_902,s_4,e_6,s_1,pm_1,9
p_13,d_489,s_5,e_2,s_2,pm_2,7
p_1,d_402,s_6,e_23,s_1,pm_1,3
p_17,d_305,s_2,e_34,s_1,pm_2,2
p_18,d_613,s_5,e_36,s_1,pm_2,9
p_7,d_548,s_1,e_38,s_2,pm_1,1
p_15,d_281,s_2,e_5,s_1,pm_1,8
p_30,d_738,s_2,e_24,s_2,pm_2,1
p_12,d_399,s_5,e_21,s_2,pm_2,2
p_15,d_1342,s_6,e_40,s_1,pm_4,6
p_5,d_133,s_4,e_24,s_1,pm_1,6
p_19,d_308,s_5,e_34,s_1,pm_1,5
p_26,d_846,s_4,e_16,s_1,pm_4,7
p_18,d_233,s_6,e_11,s_1,pm_1,8
p_1,d_241,s_6,e_29,s_1,pm_3,5
p_22,d_1410,s_2,e_5,s_2,pm_2,5
p_18,d_375,s_4,e_11,s_2,pm_2,9
p_5,d_516,s_1,e_40,s_2,pm_4,7
p_6,d_845,s_2,e_32,s_1,pm_2,10
p_20,d_484,s_2,e_38,s_1,pm_3,2
p_7,d_314,s_4,e_9,s_1,pm_4,3
p_29,d_41,s_4,e_10,s_1,pm_1,8
p_19,d_179,s_2,e_31,s_1,pm_1,10
p_27,d_1045,s_5,e_16,s_1,pm_1,7
p_14,d_477,s_2,e_9,s_2,pm_2,9
p_19,d_1333,s_4,e_1,s_1,pm_1,4
p_2,d_405,s_2,e_34,s_2,pm_1,1
p_4,d_899,s_2,e_39,s_1,pm_2,9
p_27,d_345,s_3,e_2,s_1,pm_2,10
p_4,d_20,s_3,e_13,s_2,pm_2,9
p_18,d_496,s_3,e_36,s_1,pm_4,3
p_21,d_1096,s_5,e_17,s_1,pm_1,10
p_10,d_226,s_5,e_19,s_2,pm_2,7
p_14,d_748,s_2,e_31,s_1,pm_3,8
p_4,d_1282,s_1,e_7,s_2,pm_2,6
p_9,d_949,s_1,e_12,s_1,pm_2,1
p_20,d_1300,s_4,e_40,s_1,pm_1,10
p_30,d_962,s_6,e_6,s_2,pm_3,10
p_3,d_42,s_2,e_38,s_2,pm_4,7
p_4,d_695,s_3,e_2,s_1,pm_2,10
p_22,d_1217,s_3,e_34,s_1,pm_1,7
p_29,d_222,s_3,e_34,s_1,pm_2,6
p_27,d_1362,s_2,e_18,s_1,pm_2,7
p_20,d_614,s_4,e_23,s_1,pm_1,10
p_5,d_184,s_4,e_27,s_1,pm_2,7
p_28,d_696,s_2,e_11,s_2,pm_4,3
p_29,d_505,s_1,e_2,s_2,pm_1,8
p_7,d_549,s_5,e_27,s_1,pm_4,9
p_3,d_196,s_1,e_22,s_1,pm_2,6
p_7,d_1358,s_2,e_19,s_2,pm_2,4
p_1,d_1284,s_4,e_34,s_1,pm_2,3
p_1,d_302,s_5,e_26,s_1,pm_2,2
p_1,d_1092,s_3,e_13,s_1,pm_2,8
p_1,d_1312,s_5,e_12,s_1,pm_2,4
p_6,d_49,s_1,e_2,s_1,pm_2,1
p_22,d_731,s_3,e_36,s_2,pm_1,1
p_30,d_781,s_2,e_38,s_1,pm_2,7
p_20,d_808,s_4,e_5,s_1,pm_1,1
p_20,d_655,s_4,e_10,s_1,pm_2,6
p_5,d_1397,s_1,e_22,s_1,pm_4,7
p_19,d_1050,s_4,e_5,s_1,pm_2,2
p_15,d_395,s_4,e_17,s_2,pm_1,9
p_19,d_1053,s_5,e_6,s_1,pm_2,10
p_7,d_679,s_6,e_4,s_1,pm_1,6
p_18,d_720,s_2,e_8,s_2,pm_1,9
p_14,d_701,s_1,e_7,s_1,pm_2,2
p_14,d_935,s_5,e_14,s_1,pm_1,1
p_7,d_199,s_5,e_20,s_1,pm_1,8
p_3,d_1316,s_6,e_20,s_1,pm_1,6
p_22,d_1028,s_4,e_5,s_2,pm_1,3
p_1,d_736,s_4,e_39,s_1,pm_1,3
p_12,d_1265,s_1,e_26,s_2,pm_1,1
p_23,d_1031,s_5,e_16,s_2,pm_1,8
p_13,d_202,s_6,e_7,s_1,pm_4,8
p_19,d_13,s_4,e_15,s_2,pm_1,3
p_1,d_360,s_5,e_18,s_1,pm_1,1
p_1,d_1115,s_6,e_34,s_1,pm_1,10
p_30,d_260,s_5,e_35,s_2,pm_2,2
p_7,d_903,s_5,e_17,s_2,pm_3,7
p_18,d_317,s_1,e_7,s_1,pm_1,6
p_21,d_925,s_3,e_39,s_1,pm_2,4
p_20,d_139,s_1,e_11,s_1,pm_1,1
p_29,d_1295,s_2,e_19,s_1,pm_2,10
p_7,d_1029,s_6,e_28,s_1,pm_4,9
p_9,d_1242,s_6,e_32,s_2,pm_1,3
p_6,d_1321,s_3,e_3,s_1,pm_1,2
p_5,d_338,s_4,e_35,s_1,pm_2,4
p_1,d_311,s_5,e_7,s_2,pm_2,1
p_1,d_923,s_4,e_23,s_1,pm_1,3
p_26,d_1013,s_1,e_15,s_1,pm_1,9
p_3,d_1197,s_4,e_11,s_1,pm_4,1
p_19,d_27,s_5,e_2,s_1,pm_1,8
p_9,d_954,s_2,e_29,s_2,pm_2,6
p_3,d_682,s_4,e_17,s_1,pm_3,6
p_15,d_1268,s_2,e_3,s_1,pm_1,9
p_6,d_256,s_2,e_14,s_1,pm_1,9
p_19,d_480,s_3,e_34,s_1,pm_2,6
p_27,d_850,s_2,e_29,s_1,pm_4,6
p_5,d_334,s_1,e_25,s_1,pm_2,1
p_21,d_641,s_5,e_40,s_1,pm_1,4
p_19,d_999,s_2,e_6,s_2,pm_2,8
p_9,d_868,s_4,e_23,s_1,pm_1,2
p_20,d_113,s_2,e_33,s_1,pm_2,4
p_5,d_1318,s_3,e_32,s_1,pm_2,10
p_9,d_350,s_5,e_4,s_2,pm_3,6
p_22,d_1182,s_1,e_6,s_1,pm_1,6
p_1,d_166,s_5,e_21,s_1,pm_1,7
p_9,d_763,s_1,e_11,s_2,pm_2,6
p_15,d_997,s_2,e_19,s_2,pm_2,9
p_19,d_205,s_1,e_35,s_2,pm_1,9
p_1,d_284,s_2,e_29,s_2,pm_3,7
p_23,d_249,s_2,e_16,s_1,pm_1,1
p_29,d_1388,s_2,e_19,s_1,pm_1,4
p_19,d_246,s_4,e_40,s_2,pm_1,3
p_1,d_1357,s_2,e_2,s_2,pm_3,2
p_18,d_1162,s_2,e_30,s_1,pm_2,7
p_1,d_380,s_1,e_3,s_2,pm_4,1
p_26,d_1367,s_5,e_39,s_1,pm_1,3
p_25,d_424,s_2,e_13,s_1,pm_2,8
p_6,d_637,s_1,e_30,s_1,pm_2,6
p_3,d_1151,s_2,e_37,s_1,pm_1,1
p_9,d_381,s_3,e_13,s_1,pm_2,6
p_5,d_834,s_2,e_36,s_1,pm_3,9
p_18,d_445,s_1,e_40,s_1,pm_2,2
p_5,d_1298,s_6,e_28,s_1,pm_2,10
p_7,d_337,s_2,e_1,s_1,pm_3,7
p_20,d_19,s_4,e_23,s_1,pm_1,5
p_20,d_1170,s_3,e_3,s_2,pm_1,9
p_6,d_645,s_4,e_17,s_1,pm_1,3
p_2,d_37,s_6,e_35,s_1,pm_2,10
p_3,d_760,s_5,e_2,s_2,pm_1,10
p_12,d_621,s_3,e_40,s_1,pm_1,5
p_7,d_1201,s_1,e_6,s_1,pm_4,6
p_19,d_818,s_2,e_24,s_2,pm_3,6
p_10,d_802,s_5,e_39,s_2,pm_2,1
p_1,d_1016,s_2,e_15,s_1,pm_2,1
p_5,d_10,s_3,e_17,s_1,pm_1,10
p_3,d_411,s_4,e_18,s_2,pm_1,6
p_10,d_654,s_2,e_10,s_1,pm_1,5
p_19,d_672,s_5,e_38,s_1,pm_3,10
p_20,d_66,s_5,e_20,s_1,pm_3,10
p_7,d_713,s_2,e_36,s_2,pm_1,5
p_22,d_1419,s_5,e_30,s_1,pm_2,4
p_2,d_1392,s_5,e_15,s_1,pm_1,7
p_3,d_572,s_4,e_31,s_2,pm_1,6
p_26,d_1144,s_2,e_27,s_1,pm_1,1
p_26,d_1055,s_2,e_6,s_1,pm_2,8
p_18,d_1179,s_1,e_39,s_2,pm_3,7
p_15,d_1014,s_6,e_36,s_1,pm_1,10
p_4,d_984,s_2,e_3,s_1,pm_2,4
p_13,d_1075,s_2,e_9,s_2,pm_1,3
p_9,d_912,s_3,e_39,s_1,pm_1,1
p_2,d_382,s_6,e_3,s_1,pm_2,4
p_11,d_242,s_3,e_3,s_2,pm_1,6
p_1,d_1269,s_2,e_1,s_2,pm_4,6
p_3,d_1064,s_4,e_23,s_1,pm_1,4
p_1,d_349,s_2,e_40,s_1,pm_1,3
p_25,d_1206,s_5,e_30,s_2,pm_1,8
p_4,d_1176,s_2,e_5,s_1,pm_2,4
p_1,d_1372,s_3,e_27,s_1,pm_4,4
p_9,d_105,s_3,e_20,s_1,pm_1,5
p_18,d_1018,s_4,e_39,s_2,pm_2,4
p_28,d_1024,s_1,e_5,s_1,pm_2,4
p_19,d_93,s_6,e_24,s_1,pm_1,3
p_4,d_514,s_1,e_4,s_1,pm_1,8
p_6,d_51,s_5,e_38,s_1,pm_1,2
p_1,d_1324,s_3,e_37,s_1,pm_1,1
p_2,d_740,s_3,e_11,s_2,pm_2,7
p_1,d_248,s_3,e_40,s_1,pm_4,7
p_3,d_1301,s_1,e_24,s_1,pm_2,7
p_9,d_733,s_4,e_18,s_1,pm_1,6
p_20,d_812,s_1,e_29,s_1,pm_3,7
p_4,d_438,s_2,e_35,s_2,pm_2,7
p_5,d_659,s_6,e_40,s_1,pm_4,1
p_4,d_1112,s_5,e_33,s_1,pm_2,1
p_21,d_1129,s_2,e_18,s_1,pm_2,10
p_2,d_1406,s_1,e_38,s_1,pm_2,8
p_3,d_1229,s_4,e_12,s_1,pm_2,3
p_2,d_1196,s_4,e_33,s_1,pm_3,4
p_7,d_961,s_2,e_27,s_1,pm_1,1
p_20,d_455,s_4,e_31,s_2,pm_1,5
p_20,d_1239,s_1,e_31,s_2,pm_1,7
p_19,d_606,s_6,e_31,s_1,pm_2,1
p_8,d_639,s_5,e_17,s_2,pm_2,8
p_3,d_602,s_6,e_21,s_1,pm_1,10
p_22,d_1253,s_1,e_30,s_1,pm_1,6
p_28,d_1222,s_4,e_9,s_1,pm_1,10
p_21,d_287,s_5,e_39,s_2,pm_2,5
p_2,d_427,s_5,e_33,s_1,pm_1,7
p_2,d_385,s_1,e_20,s_1,pm_1,6
p_1,d_561,s_4,e_15,s_2,pm_1,2
p_7,d_573,s_4,e_17,s_1,pm_1,5
p_4,d_959,s_1,e_4,s_2,pm_4,9
p_20,d_119,s_5,e_16,s_1,pm_1,5
p_25,d_208,s_5,e_19,s_1,pm_4,10
p_9,d_258,s_4,e_33,s_1,pm_1,3
p_29,d_344,s_5,e_19,s_2,pm_2,10
p_1,d_574,s_4,e_13,s_1,pm_1,2
p_1,d_848,s_3,e_24,s_2,pm_2,8
p_18,d_1035,s_5,e_6,s_1,pm_1,5
p_21,d_454,s_2,e_24,s_1,pm_1,5
p_29,d_465,s_4,e_16,s_1,pm_1,3
p_12,d_1272,s_4,e_14,s_1,pm_2,3
p_2,d_879,s_4,e_8,s_1,pm_1,6
p_16,d_1186,s_1,e_13,s_1,pm_2,3
p_21,d_1100,s_2,e_1,s_1,pm_4,6
p_2,d_698,s_1,e_31,s_1,pm_2,5
p_20,d_512,s_5,e_15,s_1,pm_2,2
p_1,d_982,s_2,e_5,s_1,pm_1,8
p_3,d_928,s_1,e_9,s_1,pm_4,6
p_3,d_315,s_1,e_12,s_1,pm_4,4
p_20,d_330,s_2,e_28,s_1,pm_1,9
p_20,d_504,s_1,e_14,s_1,pm_2,7
p_23,d_649,s_2,e_23,s_2,pm_2,10
p_6,d_132,s_6,e_6,s_1,pm_1,3
p_2,d_406,s_6,e_3,s_1,pm_1,2
p_19,d_608,s_5,e_34,s_1,pm_4,9
p_19,d_499,s_2,e_2,s_2,pm_1,7
p_29,d_501,s_6,e_13,s_1,pm_2,1
p_26,d_482,s_1,e_27,s_2,pm_2,1
p_13,d_1094,s_3,e_9,s_1,pm_1,1
p_1,d_61,s_2,e_15,s_2,pm_2,3
p_3,d_295,s_2,e_22,s_1,pm_4,7
p_3,d_1066,s_1,e_32,s_1,pm_4,2
p_1,d_46,s_3,e_4,s_1,pm_2,4
p_9,d_1235,s_5,e_5,s_2,pm_1,7
p_1,d_1056,s_4,e_1,s_1,pm_3,4
p_26,d_1107,s_4,e_15,s_1,pm_3,9
p_19,d_1306,s_2,e_29,s_1,pm_1,5
p_29,d_33,s_1,e_34,s_1,pm_1,7
p_16,d_973,s_1,e_22,s_1,pm_3,8
p_1,d_1288,s_5,e_40,s_1,pm_3,8
p_20,d_669,s_3,e_10,s_1,pm_2,6
p_19,d_159,s_5,e_40,s_1,pm_2,4
p_4,d_1338,s_3,e_37,s_1,pm_1,3
p_7,d_453,s_4,e_35,s_1,pm_1,6
p_4,d_874,s_6,e_9,s_1,pm_3,7
p_24,d_671,s_4,e_40,s_1,pm_4,7
p_19,d_92,s_3,e_14,s_2,pm_1,6
p_2,d_894,s_4,e_18,s_2,pm_1,4
p_11,d_745,s_6,e_21,s_2,pm_3,8
p_18,d_1194,s_6,e_32,s_2,pm_2,4
p_5,d_1354,s_6,e_21,s_2,pm_1,7
p_7,d_591,s_1,e_3,s_1,pm_2,10
p_1,d_1208,s_4,e_20,s_2,pm_1,3
p_2,d_521,s_4,e_1,s_1,pm_1,4
p_20,d_744,s_3,e_12,s_1,pm_2,9
p_11,d_1204,s_2,e_18,s_2,pm_2,2
p_2,d_58,s_4,e_17,s_1,pm_1,10
p_18,d_138,s_3,e_15,s_1,pm_2,3
p_7,d_794,s_1,e_37,s_2,pm_4,9
p_19,d_820,s_4,e_1,s_1,pm_2,4
p_20,d_407,s_4,e_22,s_2,pm_3,1
p_4,d_1087,s_1,e_35,s_2,pm_1,7
p_20,d_1,s_1,e_40,s_1,pm_1,10
p_7,d_757,s_5,e_35,s_2,pm_2,7
p_8,d_211,s_2,e_35,s_1,pm_2,4
p_21,d_125,s_2,e_11,s_1,pm_3,9
p_9,d_522,s_5,e_40,s_1,pm_1,6
p_4,d_986,s_1,e_29,s_1,pm_1,9
p_21,d_1154,s_6,e_5,s_1,pm_1,6
p_1,d_141,s_6,e_31,s_1,pm_4,7
p_3,d_1379,s_4,e_21,s_2,pm_2,5
p_3,d_1167,s_4,e_27,s_1,pm_4,5
p_15,d_900,s_5,e_16,s_1,pm_1,10
p_3,d_368,s_2,e_10,s_1,pm_2,1
p_5,d_1344,s_1,e_6,s_1,pm_4,8
p_5,d_1393,s_5,e_37,s_1,pm_2,7
p_5,d_904,s_4,e_25,s_1,pm_2,5
p_20,d_425,s_5,e_15,s_2,pm_1,8
p_27,d_146,s_6,e_1,s_1,pm_1,10
p_19,d_90,s_3,e_1,s_1,pm_4,5
p_3,d_1297,s_2,e_6,s_1,pm_2,1
p_2,d_838,s_5,e_17,s_2,pm_1,2
p_6,d_562,s_5,e_35,s_2,pm_1,8
p_21,d_278,s_2,e_27,s_1,pm_1,3
p_4,d_540,s_4,e_31,s_1,pm_1,1
p_22,d_418,s_5,e_37,s_1,pm_2,5
p_29,d_1209,s_3,e_2,s_1,pm_1,10
p_19,d_252,s_4,e_40,s_1,pm_4,3
p_29,d_610,s_1,e_2,s_1,pm_1,1
p_1,d_1273,s_2,e_37,s_2,pm_1,10
p_4,d_7,s_6,e_27,s_2,pm_1,2
p_15,d_45,s_6,e_36,s_1,pm_1,3
p_1,d_803,s_4,e_4,s_1,pm_2,10
p_6,d_122,s_6,e_35,s_2,pm_1,5
p_2,d_1352,s_2,e_34,s_2,pm_4,4
p_21,d_664,s_5,e_40,s_1,pm_3,3
p_1,d_307,s_1,e_1,s_1,pm_2,1
p_6,d_431,s_6,e_40,s_1,pm_2,1
p_21,d_320,s_4,e_39,s_1,pm_4,5
p_5,d_488,s_3,e_30,s_2,pm_2,7
p_9,d_960,s_1,e_34,s_1,pm_4,4
p_12,d_341,s_4,e_36,s_2,pm_1,8
p_7,d_273,s_4,e_22,s_1,pm_2,9
p_13,d_479,s_1,e_16,s_2,pm_2,7
p_19,d_1078,s_5,e_32,s_1,pm_1,9
p_29,d_1118,s_2,e_36,s_2,pm_2,4
p_3,d_767,s_5,e_31,s_1,pm_2,8
p_7,d_39,s_1,e_28,s_1,pm_1,7
p_25,d_1060,s_4,e_37,s_1,pm_2,5
p_4,d_1052,s_5,e_3,s_1,pm_1,4
p_1,d_1322,s_3,e_35,s_1,pm_2,9
p_17,d_261,s_6,e_34,s_1,pm_2,6
p_9,d_1385,s_3,e_27,s_1,pm_1,5
p_2,d_86,s_1,e_20,s_1,pm_1,1
p_1,d_1168,s_1,e_28,s_1,pm_1,6
p_4,d_415,s_1,e_9,s_1,pm_1,5
p_21,d_525,s_3,e_31,s_2,pm_2,5
p_29,d_1387,s_4,e_12,s_2,pm_4,8
p_20,d_1278,s_2,e_12,s_1,pm_3,10
p_16,d_1373,s_3,e_16,s_1,pm_1,1
p_28,d_1156,s_2,e_22,s_2,pm_2,7
p_3,d_699,s_2,e_14,s_1,pm_1,5
p_9,d_356,s_2,e_1,s_1,pm_1,9
p_30,d_232,s_6,e_38,s_1,pm_1,10
p_4,d_1067,s_2,e_34,s_1,pm_1,9
p_3,d_1132,s_5,e_5,s_1,pm_2,10
p_9,d_1252,s_1,e_13,s_1,pm_3,8
p_9,d_149,s_2,e_4,s_2,pm_2,8
p_18,d_1181,s_1,e_35,s_1,pm_4,10
p_9,d_1361,s_1,e_4,s_1,pm_3,1
p_12,d_632,s_1,e_24,s_2,pm_1,4
p_2,d_620,s_1,e_14,s_2,pm_1,9
p_9,d_421,s_1,e_32,s_1,pm_1,8
p_18,d_705,s_2,e_39,s_1,pm_3,8
p_28,d_1339,s_2,e_26,s_2,pm_1,8
p_20,d_1199,s_2,e_24,s_1,pm_1,9
p_9,d_1121,s_3,e_27,s_2,pm_1,2
p_19,d_1141,s_1,e_11,s_1,pm_2,6
p_29,d_624,s_4,e_30,s_1,pm_1,1
p_10,d_111,s_1,e_38,s_2,pm_2,8
p_7,d_1307,s_5,e_26,s_2,pm_1,2
p_2,d_535,s_5,e_12,s_1,pm_2,4
p_6,d_773,s_1,e_28,s_2,pm_2,6
p_16,d_243,s_2,e_3,s_2,pm_1,2
p_14,d_1414,s_5,e_2,s_1,pm_2,1
p_7,d_434,s_2,e_16,s_1,pm_1,9
p_20,d_527,s_4,e_21,s_1,pm_1,3
p_18,d_1336,s_2,e_26,s_1,pm_1,2
p_9,d_423,s_5,e_18,s_1,pm_2,4
p_11,d_810,s_4,e_10,s_1,pm_1,9
p_21,d_237,s_5,e_7,s_2,pm_2,10
p_14,d_147,s_4,e_28,s_1,pm_2,9
p_2,d_68,s_2,e_17,s_2,pm_2,4
p_19,d_364,s_2,e_7,s_1,pm_3,10
p_6,d_156,s_1,e_34,s_1,pm_3,2
p_20,d_1002,s_3,e_3,s_1,pm_2,9
p_3,d_813,s_1,e_28,s_1,pm_2,2
p_4,d_751,s_3,e_26,s_1,pm_1,5
p_21,d_268,s_1,e_37,s_1,pm_1,3
p_7,d_498,s_5,e_40,s_1,pm_3,9
p_4,d_1407,s_5,e_1,s_1,pm_2,2
p_7,d_539,s_5,e_16,s_2,pm_4,4
p_25,d_871,s_3,e_3,s_1,pm_4,7
p_19,d_486,s_4,e_14,s_2,pm_2,3
p_25,d_517,s_1,e_29,s_1,pm_1,2
p_4,d_1332,s_1,e_9,s_1,pm_2,2
p_5,d_1228,s_5,e_24,s_1,pm_4,2
p_19,d_1047,s_5,e_19,s_2,pm_2,5
p_4,d_1421,s_3,e_35,s_1,pm_2,1
p_1,d_937,s_1,e_16,s_1,pm_2,4
p_4,d_646,s_2,e_31,s_1,pm_4,6
p_20,d_618,s_5,e_14,s_1,pm_2,1
p_20,d_1105,s_2,e_20,s_1,pm_4,8
p_7,d_391,s_1,e_4,s_1,pm_1,8
p_1,d_1256,s_2,e_25,s_2,pm_1,6
p_19,d_1062,s_1,e_30,s_2,pm_1,3
p_29,d_915,s_1,e_7,s_2,pm_3,2
p_2,d_1084,s_3,e_6,s_2,pm_1,9
p_27,d_835,s_2,e_13,s_1,pm_1,9
p_1,d_776,s_4,e_2,s_1,pm_2,10
p_5,d_422,s_4,e_39,s_1,pm_1,9
p_29,d_1215,s_1,e_20,s_1,pm_1,8
p_19,d_1212,s_2,e_20,s_1,pm_1,2
p_30,d_124,s_4,e_16,s_1,pm_3,8
p_3,d_325,s_2,e_39,s_1,pm_1,6
p_18,d_500,s_6,e_1,s_1,pm_4,8
p_9,d_852,s_5,e_4,s_2,pm_1,9
p_13,d_53,s_2,e_14,s_1,pm_1,8
p_21,d_598,s_3,e_19,s_1,pm_1,8
p_6,d_1303,s_1,e_18,s_1,pm_1,4
p_1,d_1174,s_2,e_21,s_1,pm_1,7
p_18,d_1360,s_6,e_31,s_2,pm_1,5
p_1,d_793,s_4,e_14,s_2,pm_4,10
p_9,d_247,s_1,e_17,s_2,pm_4,6
p_4,d_862,s_3,e_4,s_1,pm_2,3
p_18,d_547,s_4,e_26,s_1,pm_1,8
p_20,d_797,s_5,e_10,s_1,pm_1,10
p_1,d_875,s_2,e_11,s_2,pm_1,9
p_9,d_1241,s_5,e_27,s_2,pm_1,7
p_23,d_1296,s_3,e_17,s_2,pm_3,3
p_7,d_526,s_5,e_19,s_2,pm_1,6
p_3,d_530,s_3,e_29,s_2,pm_1,6
p_28,d_372,s_3,e_37,s_1,pm_1,8
p_15,d_280,s_3,e_40,s_2,pm_1,8
p_9,d_229,s_1,e_17,s_1,pm_2,2
p_2,d_257,s_5,e_17,s_2,pm_1,5
p_2,d_906,s_5,e_13,s_1,pm_4,5
p_19,d_55,s_1,e_18,s_2,pm_2,5
p_3,d_60,s_4,e_13,s_1,pm_1,10
p_18,d_978,s_1,e_28,s_1,pm_1,5
p_1,d_348,s_4,e_38,s_2,pm_2,7
p_4,d_741,s_6,e_27,s_1,pm_1,8
p_8,d_359,s_2,e_34,s_1,pm_1,4
p_18,d_451,s_2,e_22,s_2,pm_1,3
p_17,d_617,s_2,e_39,s_1,pm_1,7
p_29,d_296,s_3,e_5,s_1,pm_1,10
p_20,d_603,s_5,e_17,s_2,pm_3,6
p_9,d_118,s_1,e_17,s_2,pm_3,10
p_7,d_502,s_5,e_37,s_1,pm_2,7
p_20,d_234,s_2,e_32,s_1,pm_1,5
p_1,d_1313,s_3,e_18,s_1,pm_1,9
p_15,d_1119,s_5,e_26,s_2,pm_2,3
p_2,d_722,s_2,e_17,s_1,pm_3,10
p_20,d_913,s_6,e_20,s_1,pm_1,9
p_9,d_1023,s_2,e_26,s_2,pm_1,10
p_25,d_464,s_5,e_8,s_2,pm_1,5
p_3,d_1073,s_1,e_38,s_1,pm_1,3
p_1,d_1085,s_4,e_14,s_1,pm_2,10
p_4,d_1380,s_5,e_33,s_1,pm_2,5
p_15,d_74,s_2,e_40,s_1,pm_2,3
p_17,d_858,s_2,e_4,s_1,pm_1,8
p_18,d_409,s_5,e_26,s_1,pm_2,8
p_4,d_1227,s_5,e_18,s_1,pm_1,6
p_2,d_1340,s_4,e_26,s_1,pm_3,1
p_4,d_683,s_3,e_30,s_2,pm_3,10
p_20,d_1166,s_1,e_25,s_1,pm_1,6
p_29,d_651,s_2,e_35,s_1,pm_1,4
p_18,d_1343,s_1,e_18,s_2,pm_1,2
p_3,d_1230,s_2,e_24,s_1,pm_2,4
p_18,d_309,s_4,e_6,s_2,pm_2,10
p_7,d_432,s_5,e_10,s_1,pm_1,1
p_20,d_206,s_4,e_16,s_1,pm_1,2
p_10,d_428,s_1,e_39,s_1,pm_1,3
p_18,d_506,s_5,e_4,s_1,pm_1,4
p_16,d_456,s_1,e_40,s_1,pm_1,10
p_21,d_1286,s_1,e_24,s_1,pm_3,7
p_21,d_503,s_4,e_22,s_1,pm_3,8
p_5,d_985,s_5,e_26,s_2,pm_2,3
p_21,d_1382,s_2,e_19,s_1,pm_1,7
p_18,d_0,s_6,e_6,s_1,pm_2,7
p_7,d_1000,s_3,e_5,s_1,pm_2,8
p_1,d_708,s_5,e_9,s_2,pm_2,7
p_7,d_1221,s_6,e_3,s_1,pm_1,4
p_4,d_689,s_3,e_25,s_1,pm_2,4
p_4,d_1311,s_3,e_27,s_1,pm_1,10
p_3,d_1146,s_2,e_16,s_1,pm_2,10
p_5,d_558,s_2,e_39,s_1,pm_1,4
p_19,d_678,s_5,e_33,s_1,pm_4,6
p_10,d_1090,s_4,e_6,s_1,pm_1,6
p_5,d_1315,s_5,e_6,s_2,pm_2,10
p_18,d_737,s_1,e_5,s_1,pm_1,2
p_7,d_910,s_6,e_21,s_1,pm_2,4
p_3,d_920,s_5,e_19,s_1,pm_1,10
p_19,d_1325,s_6,e_29,s_2,pm_2,1
p_14,d_389,s_1,e_3,s_1,pm_1,1
p_20,d_990,s_1,e_35,s_1,pm_1,6
p_18,d_115,s_6,e_16,s_1,pm_2,8
p_19,d_335,s_5,e_15,s_1,pm_3,7
p_18,d_690,s_1,e_19,s_2,pm_1,1
p_6,d_941,s_5,e_38,s_1,pm_4,9
p_11,d_303,s_5,e_8,s_1,pm_1,4
p_26,d_1130,s_1,e_14,s_1,pm_2,3
p_18,d_938,s_1,e_1,s_2,pm_2,6
p_8,d_1323,s_6,e_35,s_2,pm_1,3
p_4,d_1071,s_5,e_16,s_2,pm_2,8
p_7,d_1125,s_2,e_14,s_1,pm_4,8
p_5,d_71,s_1,e_28,s_1,pm_2,6
p_18,d_165,s_1,e_37,s_1,pm_2,2
p_6,d_791,s_1,e_8,s_1,pm_1,10
p_22,d_1254,s_5,e_10,s_1,pm_2,1
p_4,d_783,s_3,e_14,s_2,pm_1,7
p_1,d_633,s_4,e_24,s_2,pm_1,6
p_4,d_213,s_4,e_38,s_1,pm_2,9
p_9,d_1302,s_3,e_31,s_1,pm_4,8
p_7,d_9,s_1,e_34,s_2,pm_2,10
p_1,d_784,s_4,e_19,s_2,pm_2,8
p_2,d_980,s_2,e_10,s_1,pm_1,4
p_20,d_631,s_1,e_16,s_1,pm_2,3
p_11,d_756,s_1,e_34,s_1,pm_1,7
p_20,d_376,s_1,e_27,s_2,pm_2,2
p_5,d_885,s_5,e_15,s_1,pm_3,2
p_2,d_277,s_2,e_9,s_1,pm_1,3
p_29,d_238,s_1,e_27,s_1,pm_2,10
p_7,d_1240,s_4,e_14,s_1,pm_4,5
p_3,d_964,s_3,e_14,s_1,pm_1,3
p_3,d_817,s_1,e_12,s_1,pm_3,3
p_14,d_123,s_4,e_20,s_2,pm_2,10
p_15,d_1019,s_5,e_15,s_1,pm_1,4
p_3,d_951,s_5,e_38,s_1,pm_2,4
p_4,d_1413,s_6,e_1,s_1,pm_4,7
p_4,d_212,s_1,e_14,s_1,pm_3,9
p_4,d_435,s_5,e_24,s_1,pm_2,3
p_3,d_921,s_3,e_35,s_1,pm_1,9
p_6,d_3,s_2,e_11,s_1,pm_1,1
p_20,d_816,s_5,e_19,s_1,pm_1,3
p_2,d_809,s_5,e_3,s_2,pm_1,6
p_6,d_299,s_5,e_4,s_1,pm_3,10
p_3,d_1193,s_4,e_10,s_1,pm_1,5
p_1,d_945,s_1,e_12,s_2,pm_1,10
p_1,d_316,s_2,e_11,s_1,pm_2,10
p_18,d_319,s_4,e_14,s_1,pm_2,5
p_4,d_481,s_5,e_32,s_1,pm_2,5
p_19,d_157,s_1,e_33,s_1,pm_1,7
p_1,d_814,s_2,e_37,s_1,pm_2,1
p_1,d_130,s_1,e_23,s_1,pm_2,5
p_28,d_1327,s_4,e_17,s_1,pm_2,7
p_17,d_952,s_4,e_35,s_1,pm_1,4
p_19,d_772,s_1,e_31,s_1,pm_1,5
p_21,d_461,s_5,e_40,s_1,pm_1,2
p_3,d_397,s_4,e_1,s_2,pm_2,7
p_29,d_470,s_2,e_10,s_2,pm_3,1
p_6,d_661,s_2,e_18,s_2,pm_1,1
p_14,d_328,s_2,e_33,s_1,pm_4,6
p_18,d_162,s_1,e_6,s_2,pm_2,4
p_7,d_628,s_5,e_20,s_1,pm_4,5
p_24,d_918,s_4,e_15,s_1,pm_4,9
p_1,d_1040,s_3,e_20,s_1,pm_1,7
p_19,d_609,s_4,e_18,s_2,pm_1,6
p_25,d_57,s_5,e_8,s_1,pm_3,7
p_17,d_665,s_2,e_9,s_1,pm_1,4
p_23,d_775,s_3,e_25,s_1,pm_1,5
p_9,d_1142,s_5,e_7,s_2,pm_3,1
p_2,d_289,s_4,e_12,s_2,pm_1,8
p_20,d_600,s_1,e_35,s_1,pm_1,7
p_21,d_663,s_4,e_22,s_2,pm_2,1
p_13,d_114,s_1,e_15,s_1,pm_4,1
p_1,d_697,s_4,e_39,s_1,pm_4,3
p_6,d_1123,s_2,e_33,s_1,pm_2,7
p_9,d_272,s_3,e_7,s_1,pm_1,7
p_4,d_828,s_6,e_25,s_2,pm_1,7
p_6,d_1184,s_3,e_24,s_2,pm_1,1
p_6,d_388,s_5,e_36,s_1,pm_1,1
p_9,d_716,s_5,e_36,s_1,pm_1,1
p_2,d_80,s_5,e_22,s_1,pm_2,1
p_18,d_288,s_1,e_6,s_1,pm_2,8
p_6,d_1095,s_5,e_11,s_1,pm_1,8
p_7,d_586,s_5,e_32,s_2,pm_1,8
p_5,d_790,s_2,e_30,s_2,pm_1,9
p_27,d_198,s_1,e_12,s_2,pm_1,6
p_25,d_1335,s_3,e_22,s_1,pm_1,9
p_9,d_1178,s_4,e_15,s_1,pm_1,2
p_20,d_322,s_5,e_28,s_1,pm_4,9
p_1,d_643,s_4,e_14,s_1,pm_1,9
p_29,d_559,s_2,e_39,s_2,pm_2,3
p_7,d_995,s_4,e_29,s_1,pm_4,1
p_29,d_1238,s_5,e_7,s_2,pm_2,3
p_29,d_263,s_2,e_34,s_2,pm_2,3
p_18,d_983,s_4,e_1,s_1,pm_1,8
p_1,d_511,s_3,e_2,s_2,pm_3,5
p_14,d_1370,s_5,e_31,s_2,pm_1,4
p_5,d_825,s_1,e_18,s_1,pm_1,6
p_22,d_94,s_3,e_11,s_1,pm_1,8
p_23,d_612,s_1,e_36,s_2,pm_1,7
p_1,d_893,s_1,e_22,s_1,pm_4,10
p_10,d_127,s_3,e_6,s_1,pm_4,6
p_3,d_1116,s_3,e_35,s_1,pm_1,5
p_15,d_476,s_1,e_34,s_1,pm_2,2
p_5,d_203,s_4,e_31,s_2,pm_2,1
p_29,d_1395,s_2,e_39,s_1,pm_1,9
p_15,d_25,s_6,e_31,s_1,pm_2,10
p_1,d_1163,s_2,e_11,s_1,pm_1,10
p_5,d_408,s_2,e_21,s_1,pm_4,6
p_3,d_905,s_6,e_2,s_1,pm_2,3
p_20,d_1305,s_4,e_11,s_1,pm_1,6
p_2,d_1022,s_5,e_7,s_1,pm_4,10
p_6,d_694,s_1,e_19,s_1,pm_2,8
p_13,d_104,s_2,e_39,s_1,pm_1,1
p_19,d_358,s_2,e_37,s_1,pm_4,8
p_2,d_103,s_5,e_34,s_1,pm_1,4
p_6,d_1054,s_2,e_37,s_1,pm_1,2
p_13,d_1403,s_4,e_18,s_1,pm_1,1
p_9,d_968,s_6,e_20,s_1,pm_3,3
p_7,d_1293,s_1,e_9,s_2,pm_2,10
p_26,d_1417,s_4,e_9,s_1,pm_1,7
p_2,d_1195,s_4,e_1,s_1,pm_2,6
p_4,d_167,s_2,e_21,s_1,pm_2,9
p_2,d_1245,s_5,e_2,s_1,pm_1,6
p_1,d_1346,s_3,e_38,s_1,pm_2,10
p_16,d_379,s_3,e_21,s_1,pm_1,9
p_29,d_537,s_4,e_9,s_1,pm_2,10
p_15,d_1280,s_3,e_38,s_2,pm_1,7
p_29,d_78,s_1,e_32,s_2,pm_2,6
p_19,d_673,s_2,e_10,s_1,pm_2,3
p_21,d_181,s_1,e_28,s_2,pm_2,2
p_18,d_1207,s_4,e_39,s_1,pm_1,3
p_26,d_1038,s_6,e_1,s_1,pm_3,3
p_19,d_746,s_4,e_25,s_1,pm_2,9
p_1,d_1080,s_1,e_13,s_1,pm_1,1
p_1,d_457,s_2,e_15,s_1,pm_1,6
p_9,d_1299,s_4,e_40,s_1,pm_2,3
p_2,d_726,s_1,e_28,s_2,pm_2,5
p_26,d_1309,s_3,e_37,s_2,pm_4,3
p_21,d_99,s_6,e_35,s_1,pm_2,6
p_20,d_1400,s_5,e_37,s_1,pm_1,1
p_20,d_383,s_2,e_3,s_2,pm_1,4
p_15,d_250,s_2,e_35,s_1,pm_3,5
p_17,d_787,s_2,e_25,s_1,pm_1,5
p_4,d_1043,s_4,e_1,s_2,pm_1,4
p_1,d_16,s_1,e_23,s_1,pm_1,7
p_9,d_681,s_5,e_4,s_1,pm_1,9
p_9,d_615,s_1,e_37,s_1,pm_2,3
p_3,d_121,s_3,e_22,s_2,pm_1,6
p_6,d_754,s_6,e_1,s_1,pm_2,6
p_1,d_1057,s_4,e_17,s_1,pm_1,4
p_29,d_1304,s_1,e_7,s_1,pm_1,9
p_6,d_789,s_2,e_29,s_2,pm_3,2
p_4,d_1037,s_6,e_23,s_2,pm_2,7
p_6,d_638,s_3,e_24,s_1,pm_1,7
p_5,d_47,s_3,e_22,s_1,pm_2,5
p_9,d_830,s_5,e_21,s_1,pm_1,2
p_15,d_491,s_2,e_36,s_1,pm_2,7
p_10,d_709,s_5,e_29,s_1,pm_1,6
p_3,d_590,s_4,e_38,s_2,pm_1,10
p_2,d_373,s_5,e_25,s_2,pm_3,3
p_20,d_1169,s_5,e_15,s_2,pm_2,6
p_1,d_658,s_1,e_23,s_2,pm_1,1
p_2,d_587,s_1,e_22,s_1,pm_1,1
p_11,d_393,s_1,e_9,s_1,pm_3,10
p_1,d_929,s_3,e_21,s_1,pm_2,10
p_14,d_1247,s_5,e_38,s_2,pm_1,3
p_17,d_755,s_5,e_8,s_1,pm_4,4
p_5,d_1232,s_2,e_5,s_2,pm_1,10
p_15,d_1402,s_6,e_20,s_1,pm_1,9
p_7,d_662,s_4,e_32,s_1,pm_2,10
p_17,d_1223,s_4,e_20,s_2,pm_1,7
p_19,d_362,s_1,e_29,s_1,pm_1,1
p_5,d_12,s_6,e_32,s_1,pm_2,9
p_3,d_429,s_1,e_36,s_1,pm_1,4
p_4,d_753,s_4,e_10,s_1,pm_2,7
p_4,d_565,s_5,e_37,s_1,pm_3,10
p_30,d_117,s_5,e_34,s_2,pm_1,10
p_1,d_636,s_6,e_28,s_1,pm_1,10
p_9,d_1401,s_2,e_24,s_1,pm_1,5
p_14,d_98,s_4,e_19,s_1,pm_1,7
p_29,d_927,s_5,e_10,s_2,pm_1,9
p_18,d_859,s_1,e_22,s_2,pm_2,3
p_17,d_492,s_5,e_13,s_2,pm_2,4
p_7,d_520,s_2,e_31,s_1,pm_2,4
p_2,d_1117,s_6,e_24,s_1,pm_1,2
p_29,d_1001,s_1,e_6,s_1,pm_4,2
p_3,d_1076,s_5,e_18,s_1,pm_4,5
p_27,d_144,s_2,e_13,s_1,pm_2,8
p_1,d_474,s_1,e_38,s_1,pm_3,7
p_1,d_169,s_6,e_1,s_1,pm_1,3
p_20,d_192,s_5,e_38,s_2,pm_1,4
p_4,d_932,s_4,e_34,s_1,pm_2,6
p_18,d_779,s_1,e_29,s_1,pm_1,1
p_2,d_706,s_5,e_7,s_1,pm_2,9
p_3,d_392,s_6,e_30,s_1,pm_1,8
p_17,d_869,s_2,e_23,s_1,pm_1,4
p_13,d_170,s_4,e_9,s_1,pm_2,9
p_19,d_970,s_1,e_34,s_1,pm_2,6
p_18,d_976,s_1,e_24,s_2,pm_1,1
p_1,d_1091,s_2,e_2,s_1,pm_1,7
p_30,d_62,s_4,e_19,s_1,pm_4,8
p_2,d_529,s_1,e_19,s_2,pm_2,2
p_18,d_164,s_6,e_36,s_1,pm_1,10
p_11,d_158,s_2,e_8,s_1,pm_2,1
p_19,d_735,s_5,e_31,s_1,pm_3,2
p_7,d_898,s_1,e_29,s_1,pm_2,6
p_5,d_1394,s_4,e_13,s_2,pm_4,10
p_18,d_1120,s_4,e_19,s_1,pm_1,7
p_1,d_100,s_2,e_17,s_2,pm_3,9
p_4,d_1048,s_5,e_17,s_1,pm_2,6
p_22,d_571,s_1,e_2,s_1,pm_2,4
p_15,d_635,s_1,e_17,s_1,pm_1,2
p_20,d_300,s_5,e_30,s_1,pm_1,9
p_29,d_897,s_6,e_20,s_1,pm_2,1
p_9,d_780,s_1,e_7,s_1,pm_1,10
p_9,d_38,s_5,e_25,s_1,pm_1,6
p_27,d_101,s_1,e_25,s_1,pm_4,1
p_1,d_180,s_4,e_10,s_1,pm_2,8
p_20,d_472,s_4,e_33,s_1,pm_1,4
p_15,d_1248,s_4,e_40,s_1,pm_1,10
p_9,d_1097,s_4,e_30,s_1,pm_1,9
p_7,d_685,s_5,e_28,s_1,pm_1,9
p_6,d_1171,s_4,e_23,s_1,pm_2,6
p_29,d_1214,s_1,e_17,s_2,pm_1,10
p_4,d_35,s_1,e_26,s_1,pm_2,4
p_2,d_1110,s_5,e_11,s_1,pm_1,9
p_23,d_1190,s_5,e_32,s_1,pm_2,10
p_5,d_239,s_2,e_28,s_1,pm_2,9
p_18,d_129,s_2,e_5,s_1,pm_4,10
p_1,d_971,s_4,e_29,s_1,pm_1,1
p_20,d_870,s_3,e_13,s_2,pm_2,5
p_18,d_443,s_5,e_15,s_1,pm_1,6
p_29,d_160,s_1,e_29,s_1,pm_3,8
p_1,d_324,s_5,e_24,s_1,pm_4,6
p_1,d_291,s_5,e_37,s_1,pm_2,3
p_28,d_244,s_6,e_11,s_1,pm_1,6
p_20,d_1180,s_4,e_2,s_1,pm_2,4
p_4,d_648,s_4,e_34,s_1,pm_1,6
p_18,d_840,s_2,e_12,s_2,pm_1,5
p_18,d_468,s_2,e_35,s_1,pm_1,2
p_9,d_1381,s_1,e_6,s_2,pm_4,6
p_6,d_221,s_5,e_17,s_1,pm_1,8
p_15,d_523,s_1,e_18,s_2,pm_1,9
p_1,d_112,s_4,e_5,s_1,pm_1,2
p_2,d_1202,s_6,e_25,s_2,pm_3,3
p_19,d_657,s_3,e_9,s_1,pm_2,8
p_5,d_823,s_4,e_15,s_2,pm_2,4
p_30,d_377,s_6,e_8,s_1,pm_4,9
p_15,d_1389,s_2,e_40,s_2,pm_3,4
p_5,d_1136,s_4,e_22,s_2,pm_2,2
p_1,d_1281,s_1,e_30,s_1,pm_4,8
p_18,d_1366,s_2,e_34,s_1,pm_1,7
p_2,d_752,s_1,e_31,s_1,pm_1,4
p_13,d_917,s_1,e_20,s_1,pm_1,3
p_7,d_76,s_2,e_39,s_1,pm_1,5
p_2,d_1058,s_4,e_16,s_1,pm_4,6
p_18,d_1355,s_4,e_8,s_1,pm_1,10
p_5,d_2,s_4,e_40,s_1,pm_1,9
p_5,d_413,s_3,e_33,s_2,pm_1,1
p_5,d_187,s_6,e_27,s_1,pm_2,9
p_2,d_361,s_3,e_8,s_2,pm_2,7
p_20,d_452,s_1,e_19,s_1,pm_2,1
p_14,d_873,s_5,e_28,s_1,pm_2,10
p_1,d_1349,s_3,e_29,s_1,pm_2,5
p_1,d_703,s_4,e_16,s_1,pm_1,6
p_2,d_426,s_4,e_8,s_1,pm_2,2
p_9,d_1330,s_4,e_33,s_1,pm_1,6
p_2,d_1334,s_2,e_15,s_2,pm_1,8
p_29,d_1259,s_1,e_25,s_1,pm_2,2
p_1,d_1032,s_2,e_30,s_1,pm_1,6
p_15,d_944,s_2,e_16,s_1,pm_1,3
p_2,d_290,s_2,e_1,s_1,pm_1,8
p_15,d_1149,s_2,e_7,s_1,pm_2,10
p_20,d_1378,s_4,e_24,s_2,pm_2,10
p_5,d_17,s_6,e_7,s_1,pm_2,5
p_18,d_677,s_2,e_8,s_1,pm_1,2
p_20,d_1275,s_6,e_36,s_2,pm_3,5
p_9,d_96,s_2,e_9,s_2,pm_3,10
p_19,d_821,s_6,e_6,s_1,pm_1,5
p_20,d_710,s_5,e_34,s_1,pm_2,6
p_9,d_650,s_5,e_33,s_2,pm_1,6
p_5,d_727,s_5,e_8,s_1,pm_2,5
p_5,d_702,s_3,e_35,s_2,pm_2,4
p_18,d_285,s_5,e_1,s_2,pm_1,2
p_9,d_1011,s_1,e_20,s_2,pm_1,1
p_29,d_279,s_1,e_25,s_1,pm_3,3
p_1,d_800,s_5,e_12,s_2,pm_1,7
p_4,d_352,s_5,e_33,s_1,pm_1,3
p_5,d_567,s_5,e_11,s_1,pm_2,7
p_4,d_901,s_3,e_37,s_1,pm_1,1
p_18,d_245,s_5,e_32,s_1,pm_2,3
p_21,d_1072,s_4,e_4,s_1,pm_1,10
p_2,d_1061,s_3,e_2,s_2,pm_2,7
p_21,d_1030,s_5,e_13,s_1,pm_1,8
p_4,d_616,s_6,e_30,s_1,pm_2,6
p_4,d_652,s_5,e_10,s_1,pm_1,5
p_7,d_804,s_2,e_8,s_1,pm_3,3
p_20,d_867,s_1,e_9,s_1,pm_2,8
p_1,d_48,s_5,e_30,s_1,pm_4,3
p_6,d_642,s_5,e_11,s_2,pm_2,4
p_6,d_1138,s_6,e_16,s_2,pm_1,9
p_5,d_1396,s_2,e_29,s_2,pm_1,6
p_24,d_732,s_1,e_14,s_1,pm_1,5
p_19,d_895,s_4,e_26,s_1,pm_4,5
p_20,d_926,s_2,e_36,s_2,pm_1,2
p_3,d_495,s_1,e_16,s_1,pm_4,6
p_28,d_54,s_1,e_26,s_1,pm_1,5
p_21,d_815,s_2,e_37,s_1,pm_1,9
p_3,d_1049,s_1,e_30,s_2,pm_1,1
p_6,d_1093,s_5,e_32,s_1,pm_3,9
p_20,d_1310,s_2,e_17,s_2,pm_2,7
p_21,d_841,s_4,e_24,s_1,pm_1,10
p_3,d_1364,s_1,e_27,s_1,pm_3,4
p_9,d_1070,s_4,e_16,s_2,pm_1,7
p_6,d_829,s_3,e_2,s_1,pm_1,8
p_28,d_509,s_5,e_4,s_2,pm_2,5
p_29,d_1270,s_6,e_15,s_1,pm_1,9
p_5,d_528,s_3,e_26,s_2,pm_3,9
p_26,d_40,s_2,e_11,s_2,pm_1,9
p_3,d_430,s_6,e_36,s_1,pm_1,5
p_6,d_1409,s_5,e_24,s_2,pm_4,6
p_1,d_227,s_1,e_12,s_1,pm_2,3
p_5,d_963,s_1,e_18,s_2,pm_1,7
p_15,d_1165,s_3,e_11,s_1,pm_2,6
p_9,d_667,s_6,e_36,s_1,pm_1,1
p_1,d_1148,s_2,e_40,s_1,pm_1,9
p_4,d_151,s_3,e_13,s_2,pm_1,7
p_20,d_1135,s_3,e_10,s_2,pm_1,1
p_20,d_555,s_4,e_22,s_1,pm_4,5
p_13,d_623,s_1,e_9,s_1,pm_1,4
p_19,d_647,s_1,e_11,s_2,pm_1,3
p_20,d_369,s_4,e_39,s_2,pm_1,8
p_23,d_977,s_1,e_1,s_1,pm_2,8
p_1,d_218,s_4,e_6,s_2,pm_1,3
p_7,d_1205,s_5,e_3,s_1,pm_2,5
p_1,d_1036,s_5,e_3,s_1,pm_2,4
p_15,d_346,s_1,e_7,s_1,pm_1,3
p_5,d_77,s_4,e_6,s_1,pm_1,9
p_5,d_1074,s_2,e_24,s_1,pm_1,2
p_4,d_416,s_6,e_24,s_1,pm_3,1
p_18,d_235,s_4,e_25,s_2,pm_1,9
p_4,d_449,s_1,e_27,s_1,pm_2,2
p_9,d_231,s_4,e_28,s_1,pm_1,1
p_1,d_1219,s_5,e_16,s_2,pm_1,4
p_27,d_1341,s_2,e_26,s_1,pm_1,2
p_4,d_321,s_5,e_28,s_1,pm_4,7
p_19,d_1244,s_6,e_25,s_2,pm_1,6
p_1,d_131,s_2,e_35,s_1,pm_3,9
p_15,d_50,s_3,e_2,s_2,pm_3,7
p_3,d_764,s_1,e_32,s_2,pm_1,7
p_12,d_1246,s_4,e_34,s_1,pm_1,3
p_29,d_942,s_5,e_4,s_1,pm_3,2
p_6,d_106,s_4,e_38,s_1,pm_1,10
p_8,d_154,s_1,e_4,s_1,pm_1,2
p_6,d_1234,s_5,e_24,s_1,pm_1,1
p_14,d_351,s_4,e_33,s_1,pm_2,3
p_1,d_576,s_4,e_25,s_1,pm_3,2
p_18,d_534,s_5,e_10,s_2,pm_2,3
p_3,d_611,s_4,e_13,s_1,pm_2,2
p_18,d_283,s_1,e_33,s_2,pm_2,6
p_1,d_856,s_3,e_9,s_2,pm_1,9
p_3,d_214,s_5,e_10,s_1,pm_2,9
p_4,d_355,s_6,e_21,s_1,pm_2,1
p_19,d_1255,s_1,e_29,s_1,pm_1,6
p_29,d_336,s_2,e_2,s_1,pm_2,1
p_2,d_178,s_4,e_30,s_1,pm_2,4
p_5,d_220,s_3,e_39,s_1,pm_2,8
p_19,d_981,s_4,e_40,s_1,pm_3,3
p_18,d_1267,s_2,e_38,s_2,pm_2,3
p_1,d_788,s_1,e_40,s_1,pm_2,8
p_13,d_1294,s_4,e_25,s_2,pm_1,6
p_19,d_30,s_3,e_1,s_1,pm_1,9
p_20,d_1099,s_2,e_16,s_2,pm_1,7
p_1,d_97,s_2,e_2,s_1,pm_2,9
p_9,d_1211,s_2,e_9,s_1,pm_2,6
p_19,d_1114,s_4,e_23,s_1,pm_1,9
p_2,d_1025,s_5,e_15,s_1,pm_1,3
p_12,d_282,s_4,e_8,s_1,pm_1,8
p_2,d_197,s_4,e_34,s_1,pm_2,4
p_5,d_1368,s_5,e_22,s_2,pm_1,4
p_3,d_1140,s_3,e_33,s_2,pm_2,5
p_26,d_152,s_6,e_17,s_1,pm_2,10
p_19,d_145,s_1,e_38,s_1,pm_1,4
p_1,d_774,s_2,e_10,s_1,pm_1,2
p_22,d_163,s_3,e_4,s_1,pm_3,2
p_1,d_1375,s_4,e_7,s_2,pm_2,5
p_26,d_333,s_1,e_6,s_2,pm_1,3
p_16,d_469,s_5,e_25,s_1,pm_1,4
p_15,d_811,s_1,e_33,s_1,pm_2,4
p_11,d_1317,s_5,e_12,s_1,pm_2,3
p_7,d_877,s_1,e_38,s_2,pm_1,5
p_3,d_386,s_6,e_29,s_1,pm_1,2
p_30,d_914,s_4,e_37,s_1,pm_1,2
p_18,d_1261,s_4,e_3,s_2,pm_2,8
p_22,d_1188,s_1,e_38,s_1,pm_2,5
p_2,d_450,s_3,e_30,s_1,pm_4,3
p_19,d_1292,s_2,e_26,s_1,pm_1,10
p_5,d_568,s_5,e_2,s_1,pm_1,7
p_29,d_1127,s_5,e_13,s_2,pm_1,4
p_3,d_73,s_2,e_13,s_1,pm_1,6
p_18,d_1191,s_3,e_37,s_2,pm_2,3
p_5,d_839,s_1,e_40,s_1,pm_1,7
p_3,d_387,s_6,e_33,s_1,pm_1,4
p_25,d_947,s_1,e_14,s_1,pm_2,7
p_4,d_592,s_5,e_23,s_1,pm_1,10
p_7,d_1276,s_3,e_25,s_1,pm_1,8
p_21,d_312,s_4,e_12,s_1,pm_1,5
p_2,d_837,s_4,e_14,s_2,pm_1,2
p_12,d_109,s_5,e_20,s_1,pm_1,1
p_26,d_1134,s_4,e_12,s_1,pm_1,8
p_4,d_1160,s_1,e_19,s_1,pm_4,10
p_7,d_967,s_5,e_9,s_2,pm_1,5
p_1,d_43,s_1,e_31,s_1,pm_2,9
p_7,d_1371,s_4,e_40,s_1,pm_3,3
p_18,d_1220,s_4,e_13,s_2,pm_2,4
p_20,d_1113,s_1,e_40,s_1,pm_1,6
p_18,d_675,s_2,e_30,s_1,pm_3,3
p_15,d_22,s_1,e_4,s_1,pm_1,3
p_6,d_230,s_4,e_23,s_2,pm_1,10
p_26,d_463,s_5,e_22,s_1,pm_1,2
p_29,d_593,s_2,e_7,s_2,pm_1,10
p_2,d_878,s_2,e_21,s_1,pm_4,6
p_15,d_668,s_3,e_5,s_1,pm_2,5
p_14,d_1004,s_6,e_36,s_2,pm_2,2
p_20,d_1351,s_1,e_11,s_1,pm_1,4
p_19,d_116,s_1,e_21,s_1,pm_2,7
p_6,d_404,s_6,e_31,s_1,pm_2,10
p_1,d_552,s_2,e_18,s_2,pm_1,6
p_26,d_1161,s_4,e_4,s_1,pm_1,9
p_30,d_143,s_1,e_25,s_1,pm_1,7
p_12,d_173,s_3,e_40,s_2,pm_1,6
p_7,d_1164,s_1,e_34,s_1,pm_4,10
p_30,d_578,s_6,e_37,s_1,pm_3,1
p_2,d_585,s_1,e_2,s_2,pm_2,6
p_13,d_410,s_4,e_12,s_2,pm_1,2
p_15,d_1250,s_2,e_15,s_1,pm_2,4
p_6,d_700,s_5,e_23,s_2,pm_1,5
p_26,d_403,s_4,e_10,s_1,pm_1,8
p_4,d_412,s_2,e_39,s_1,pm_2,5
p_7,d_1274,s_2,e_9,s_1,pm_2,10
p_4,d_446,s_3,e_10,s_1,pm_4,7
p_29,d_1319,s_6,e_27,s_1,pm_1,3
p_18,d_32,s_5,e_37,s_2,pm_1,6
p_4,d_1003,s_5,e_9,s_1,pm_1,10
p_9,d_329,s_2,e_29,s_1,pm_1,5
p_20,d_680,s_1,e_40,s_2,pm_1,5
p_3,d_1391,s_6,e_6,s_2,pm_3,10
p_4,d_630,s_5,e_20,s_1,pm_1,4
p_26,d_195,s_3,e_26,s_1,pm_1,10
p_9,d_475,s_4,e_40,s_1,pm_2,3
p_4,d_1251,s_5,e_27,s_2,pm_2,1
p_14,d_79,s_5,e_6,s_1,pm_1,9
p_5,d_994,s_5,e_14,s_1,pm_4,7
p_1,d_538,s_3,e_3,s_1,pm_4,8
p_15,d_589,s_2,e_19,s_1,pm_1,6
p_29,d_26,s_6,e_16,s_1,pm_2,3
p_19,d_824,s_4,e_1,s_1,pm_1,9
p_3,d_891,s_5,e_24,s_1,pm_1,7
p_5,d_148,s_1,e_33,s_1,pm_2,4
p_19,d_660,s_5,e_14,s_1,pm_2,2
p_3,d_1320,s_1,e_16,s_1,pm_3,2
p_5,d_490,s_2,e_2,s_2,pm_3,1
p_19,d_1152,s_4,e_35,s_1,pm_2,3
p_9,d_459,s_1,e_28,s_1,pm_1,9
p_1,d_692,s_6,e_40,s_1,pm_4,2
p_19,d_1271,s_2,e_8,s_1,pm_1,8
p_29,d_822,s_4,e_9,s_1,pm_1,8
p_4,d_805,s_2,e_39,s_1,pm_3,7
p_22,d_1103,s_6,e_22,s_1,pm_1,9
p_19,d_907,s_6,e_5,s_2,pm_1,1
p_4,d_1420,s_5,e_20,s_2,pm_2,6
p_8,d_795,s_4,e_21,s_1,pm_1,3
p_19,d_1384,s_5,e_15,s_1,pm_3,3
p_15,d_1233,s_4,e_27,s_1,pm_2,9
p_9,d_339,s_1,e_11,s_2,pm_3,9
p_4,d_153,s_5,e_2,s_2,pm_2,5
p_5,d_88,s_4,e_26,s_1,pm_4,3
p_13,d_340,s_3,e_37,s_1,pm_4,1
p_7,d_1173,s_4,e_23,s_1,pm_2,5
p_25,d_956,s_2,e_33,s_2,pm_1,8
p_1,d_747,s_3,e_11,s_2,pm_2,10
p_26,d_1291,s_2,e_3,s_1,pm_1,9
p_29,d_174,s_2,e_32,s_1,pm_2,2
p_9,d_326,s_1,e_20,s_1,pm_2,3
p_29,d_1225,s_4,e_40,s_1,pm_2,6
p_27,d_625,s_6,e_17,s_2,pm_1,2
p_1,d_670,s_1,e_4,s_2,pm_2,9
p_5,d_582,s_5,e_22,s_1,pm_1,8
p_3,d_137,s_3,e_14,s_2,pm_4,3
p_20,d_91,s_2,e_31,s_2,pm_1,2
p_20,d_782,s_2,e_12,s_1,pm_2,9
p_4,d_270,s_1,e_32,s_2,pm_2,6
p_4,d_765,s_5,e_10,s_1,pm_1,9
p_1,d_193,s_5,e_14,s_2,pm_1,8
p_18,d_688,s_2,e_13,s_2,pm_4,5
p_3,d_1289,s_6,e_17,s_1,pm_2,7
p_4,d_1290,s_6,e_5,s_2,pm_1,6
p_20,d_210,s_5,e_5,s_2,pm_3,7
p_1,d_843,s_2,e_10,s_1,pm_4,4
p_6,d_483,s_5,e_5,s_1,pm_1,8
p_2,d_876,s_2,e_29,s_1,pm_4,6
p_3,d_989,s_5,e_21,s_1,pm_1,4
p_20,d_1200,s_6,e_27,s_1,pm_1,3
p_1,d_936,s_6,e_13,s_1,pm_2,10
p_6,d_507,s_3,e_32,s_2,pm_2,5
p_7,d_627,s_4,e_24,s_1,pm_1,2
p_4,d_979,s_4,e_3,s_1,pm_2,10
p_3,d_1069,s_4,e_21,s_1,pm_1,2
p_3,d_1027,s_1,e_23,s_1,pm_1,4
p_27,d_471,s_1,e_7,s_1,pm_2,9
p_6,d_583,s_5,e_28,s_2,pm_1,3
p_4,d_4,s_3,e_38,s_1,pm_3,10
p_18,d_719,s_4,e_6,s_1,pm_1,4
p_7,d_24,s_2,e_31,s_2,pm_2,1
p_9,d_759,s_3,e_39,s_1,pm_1,3
p_9,d_274,s_4,e_21,s_2,pm_2,7
p_29,d_267,s_6,e_2,s_1,pm_1,8
p_10,d_884,s_6,e_5,s_2,pm_1,3
p_4,d_89,s_1,e_22,s_2,pm_1,5
p_30,d_44,s_6,e_12,s_1,pm_3,5
p_18,d_65,s_1,e_5,s_1,pm_1,1
p_25,d_485,s_5,e_29,s_2,pm_2,6
p_29,d_1034,s_4,e_39,s_2,pm_1,7
p_5,d_1106,s_4,e_3,s_1,pm_4,3
p_9,d_128,s_5,e_28,s_2,pm_3,8
p_21,d_467,s_2,e_30,s_2,pm_2,10
p_26,d_95,s_6,e_7,s_1,pm_2,9
p_1,d_64,s_4,e_10,s_1,pm_2,2
p_20,d_271,s_1,e_26,s_1,pm_2,3
p_29,d_171,s_2,e_13,s_1,pm_4,6
p_2,d_560,s_4,e_29,s_1,pm_1,4
p_1,d_304,s_4,e_36,s_2,pm_2,3
p_1,d_1081,s_4,e_11,s_1,pm_2,6
p_19,d_1260,s_5,e_23,s_1,pm_1,2
p_5,d_420,s_5,e_10,s_1,pm_1,9
p_2,d_1102,s_3,e_29,s_1,pm_2,2
p_15,d_601,s_3,e_5,s_1,pm_2,9
p_19,d_182,s_1,e_12,s_1,pm_1,7
p_3,d_1328,s_2,e_23,s_2,pm_1,10
p_26,d_750,s_4,e_12,s_1,pm_3,10
p_9,d_266,s_2,e_22,s_2,pm_1,7
p_30,d_939,s_2,e_36,s_1,pm_1,4
p_5,d_332,s_4,e_13,s_1,pm_4,9
p_1,d_204,s_4,e_33,s_1,pm_2,2
p_4,d_14,s_3,e_16,s_1,pm_1,8
p_1,d_541,s_6,e_34,s_1,pm_2,8
p_18,d_223,s_5,e_20,s_1,pm_1,6
p_6,d_363,s_1,e_28,s_2,pm_1,6
p_1,d_72,s_6,e_40,s_2,pm_3,5
p_1,d_306,s_3,e_5,s_1,pm_1,5
p_18,d_1237,s_3,e_18,s_2,pm_1,10
p_29,d_556,s_4,e_23,s_1,pm_4,8
p_27,d_863,s_4,e_5,s_2,pm_2,10
p_3,d_1042,s_1,e_11,s_1,pm_4,3
p_11,d_533,s_2,e_37,s_2,pm_1,2
p_7,d_992,s_6,e_36,s_2,pm_1,10
p_1,d_761,s_3,e_8,s_1,pm_1,1
p_26,d_819,s_2,e_28,s_2,pm_2,6
p_28,d_919,s_3,e_11,s_2,pm_1,9
p_4,d_102,s_3,e_20,s_1,pm_1,8
p_18,d_437,s_2,e_28,s_2,pm_1,1
p_12,d_1257,s_3,e_31,s_2,pm_1,3
p_4,d_1236,s_1,e_31,s_1,pm_1,3
p_12,d_966,s_3,e_36,s_2,pm_1,10
p_18,d_1376,s_6,e_25,s_1,pm_2,5
p_18,d_1010,s_1,e_22,s_1,pm_4,6
p_2,d_546,s_1,e_19,s_1,pm_3,7
p_7,d_293,s_6,e_18,s_2,pm_2,4
p_28,d_626,s_4,e_21,s_1,pm_1,2
p_5,d_1243,s_3,e_24,s_1,pm_2,3
p_3,d_1231,s_6,e_23,s_1,pm_2,10
p_9,d_1065,s_5,e_26,s_2,pm_1,2
p_6,d_194,s_1,e_18,s_2,pm_1,1
p_5,d_1068,s_4,e_31,s_1,pm_2,9
p_20,d_1017,s_2,e_22,s_2,pm_4,5
p_1,d_594,s_4,e_29,s_1,pm_2,3
p_21,d_801,s_5,e_4,s_1,pm_1,10
p_11,d_1422,s_5,e_9,s_2,pm_1,4
p_3,d_605,s_6,e_33,s_1,pm_2,3
p_1,d_36,s_6,e_33,s_1,pm_1,4
p_2,d_1124,s_6,e_28,s_1,pm_1,3
p_1,d_1108,s_2,e_40,s_2,pm_4,4
p_6,d_6,s_4,e_12,s_2,pm_2,5
p_3,d_766,s_3,e_10,s_1,pm_3,5
p_1,d_367,s_5,e_25,s_2,pm_2,6
p_12,d_69,s_5,e_5,s_1,pm_1,5
p_15,d_81,s_6,e_30,s_1,pm_1,2
p_3,d_1126,s_3,e_8,s_1,pm_1,3
p_29,d_1210,s_5,e_33,s_1,pm_1,7
p_19,d_384,s_5,e_18,s_1,pm_1,9
p_15,d_844,s_2,e_20,s_1,pm_1,2
p_19,d_253,s_2,e_7,s_1,pm_1,4
p_18,d_933,s_2,e_14,s_1,pm_2,2
p_18,d_327,s_1,e_22,s_1,pm_3,6
p_7,d_532,s_4,e_2,s_1,pm_4,2
p_18,d_908,s_1,e_26,s_1,pm_1,10
p_26,d_255,s_3,e_27,s_2,pm_1,2
p_5,d_588,s_3,e_4,s_1,pm_1,3
p_18,d_1145,s_2,e_27,s_1,pm_3,6
p_18,d_1350,s_6,e_31,s_2,pm_2,3
p_29,d_1044,s_1,e_15,s_1,pm_1,9
p_21,d_711,s_2,e_30,s_2,pm_2,9
p_15,d_394,s_3,e_24,s_2,pm_2,9
p_8,d_493,s_4,e_20,s_2,pm_1,6
p_9,d_691,s_3,e_20,s_1,pm_1,7
p_2,d_1337,s_5,e_6,s_1,pm_1,9
p_21,d_487,s_5,e_19,s_1,pm_1,6
p_1,d_577,s_2,e_7,s_2,pm_1,7
p_2,d_83,s_4,e_35,s_2,pm_3,5
p_3,d_749,s_1,e_38,s_1,pm_1,8
p_3,d_1175,s_1,e_12,s_1,pm_2,8
p_7,d_715,s_3,e_5,s_2,pm_4,7
p_21,d_294,s_2,e_10,s_1,pm_2,4
p_1,d_564,s_4,e_6,s_2,pm_2,3
p_9,d_644,s_3,e_32,s_1,pm_1,4
p_19,d_1083,s_5,e_7,s_1,pm_1,6
p_26,d_1177,s_2,e_27,s_1,pm_3,6
p_21,d_508,s_6,e_30,s_1,pm_1,1
p_15,d_943,s_3,e_5,s_1,pm_2,5
p_1,d_832,s_3,e_40,s_1,pm_4,8
p_2,d_515,s_4,e_40,s_1,pm_1,8
p_15,d_478,s_4,e_8,s_1,pm_1,3
p_7,d_872,s_4,e_40,s_1,pm_2,5
p_5,d_991,s_1,e_32,s_1,pm_2,4
p_27,d_950,s_2,e_28,s_1,pm_1,3
p_1,d_857,s_1,e_37,s_1,pm_3,7
p_7,d_1159,s_5,e_15,s_2,pm_1,10
p_7,d_833,s_4,e_29,s_1,pm_2,5
p_9,d_957,s_5,e_13,s_2,pm_2,6
p_2,d_189,s_3,e_39,s_2,pm_1,7
p_24,d_769,s_4,e_19,s_1,pm_3,10
p_29,d_974,s_3,e_12,s_2,pm_3,1
p_4,d_1009,s_4,e_6,s_1,pm_2,3
p_18,d_419,s_4,e_13,s_1,pm_1,8
p_3,d_354,s_1,e_18,s_1,pm_1,7
p_6,d_909,s_5,e_8,s_2,pm_2,7
p_12,d_1398,s_2,e_25,s_1,pm_1,6
p_3,d_866,s_2,e_17,s_1,pm_3,8
p_4,d_70,s_6,e_17,s_1,pm_1,9
p_21,d_770,s_5,e_3,s_1,pm_2,8
p_1,d_264,s_3,e_25,s_1,pm_3,10
